,ExpenseID,BaseRent,PropertyID,TenantID,Maintanance,ManagementFee,Utility,paymentDate
0,e2e1288b-b691-47d8-864f-b280c56c4b17,35700,07b21e6a-ee26-42b1-bfa9-25a5a5985921,e11b4aff-4ade-4939-8f1e-b4a51b81a3ef,3570.0,1785.0,1071.0,2022-06-22
1,0cec1c21-1c20-48d4-a30e-5e35cafc1044,57200,c4ce5ec4-4ba6-4a92-99d5-1908faa6eb1b,73b1c88d-efa9-4c7b-b67f-04dbb97f8f18,5720.0,2860.0,1716.0,2022-06-22
2,706414e6-3443-4275-b158-5447414494cf,70100,47c287ef-a6c4-4369-b356-224e4379b603,f41c49cb-b8c2-48e4-ab32-272f2f928300,7010.0,3505.0,2103.0,2022-06-19
3,64f8424f-0419-4f6e-8f55-c5b44f97959d,60100,54575f69-9c5a-45c7-9b67-9d2522cd9c01,db8de30e-9942-4241-be82-21aee7601956,6010.0,3005.0,1803.0,2022-06-21
4,38f6f1d1-44d2-4acd-9952-9906aeb6043c,44600,fa01b8ed-c846-4048-aff1-641def846649,59aa23c1-d83d-410b-a25d-9adb8057dfe5,4460.0,2230.0,1338.0,2022-06-20
5,457f3c20-a385-463b-9afe-c27fd6a28676,71500,20df3873-2590-439d-af3a-a8300936f288,e49770d1-4df5-4a96-8fe5-798e7246f322,7150.0,3575.0,2145.0,2022-06-19
6,5b4902fc-cdd3-4346-bab9-dbb8a95cdc32,38600,719e02bb-bc6d-4a61-bd37-4daa2a33d1d8,b54f0ac3-db96-4ba2-a217-6413d58eb206,3860.0,1930.0,1158.0,2022-06-21
7,a2de1c67-83cf-4cb4-bb01-19792596aa9d,57900,ba24e62f-4053-40c7-81b0-c8cc68d762ef,b83275fe-39f4-48a4-9604-41bc77ef8e7d,5790.0,2895.0,1737.0,2022-06-19
8,f4548b93-01bc-4e35-99dd-53d59c1b1ce1,43600,f170e6b1-5eaf-485f-a199-50048bedde49,4e2aeada-16df-464b-8cf6-f6691580da6c,4360.0,2180.0,1308.0,2022-06-21
9,5a9d3a3a-1868-4313-a885-efc75b3847bb,28500,d308b5ea-b7c0-4c8d-b94b-45374f07109b,ac4e35ee-7138-4b9a-b47f-a9adf36b3193,2850.0,1425.0,855.0,2022-06-20
10,8cd78cd6-cf46-498c-b20c-0c4f63e27008,27000,1bcd2c35-f4e2-4cbc-b0c2-9e2f68dfc41d,fbfbdaca-dc20-4983-bae6-bcfae2b294b1,2700.0,1350.0,810.0,2022-06-20
11,9d73070c-38da-4850-8154-7ca06145fb74,38200,914a7d31-7699-4956-8b95-dc193d492447,b3b6751f-4a80-469d-8a10-b9f17daffda9,3820.0,1910.0,1146.0,2022-06-20
12,80a70334-d2af-422d-9d29-de229118a12f,45800,cf1f239c-9d0a-4d58-996f-1e1a6ead9b5b,c3772cdc-45f2-4ec9-98dd-cc0e6eddce51,4580.0,2290.0,1374.0,2022-06-19
13,55407668-cb57-4492-8d3c-1983f563351c,71900,34b9759f-d1b7-45e4-aa0d-f199b2b3d99f,612b0d19-0971-4ba9-9ffc-2e99f690d03b,7190.0,3595.0,2157.0,2022-06-20
14,97ccb714-fa0a-460a-bd93-65b15df27d17,67200,1a7ffac0-b445-483b-b811-d011b1375dda,134549d0-a417-487c-8c07-e36219e7f0dd,6720.0,3360.0,2016.0,2022-06-21
15,06b665f0-3974-490f-9bb1-84263878e26c,47900,cef784ee-0d1c-4842-9fa3-28bf0fbb8f02,7f77cbff-ff69-475c-9f23-43720e28db5b,4790.0,2395.0,1437.0,2022-06-21
16,3bff45bc-c425-4dbf-8992-52cc61bb5f55,32500,17e0da61-1c45-4f56-ab61-73472c01bb15,6d262573-58df-40f3-b8d4-41145e67416c,3250.0,1625.0,975.0,2022-06-21
17,7882cb90-8c59-47ff-ae47-e17fec60488e,42300,59348d6d-0045-400c-9e97-70e69bdf4d4e,c65fa44f-f1de-4ca8-bc69-23e1b680c580,4230.0,2115.0,1269.0,2022-06-19
18,c95d6476-2fb8-4bd2-b0ed-de3b5a946034,53100,a987ac6f-9b2a-49d1-b6e2-81d675ccd1e6,cb949f9e-dff7-4891-a0a3-bacc07bf140e,5310.0,2655.0,1593.0,2022-06-19
19,7a39eba9-bead-4567-82e1-cd0f54a35a28,30200,f46c0aa9-748a-49a1-a8d4-643b6b7765fd,1fe43c24-52ca-481f-968a-f11376a72e1c,3020.0,1510.0,906.0,2022-06-22
20,cadf651a-fee2-422c-88ea-5a0654dfc34b,29800,d5089f87-3dbf-43ef-97cc-bd0e91bb3d6d,432b773d-21ec-4de5-aaa7-97308b57f651,2980.0,1490.0,894.0,2022-06-20
21,440c17ce-f508-48e9-b2ce-721e9180055a,74100,6c691bd6-c58f-4bcf-8ed6-bc56957b6c72,5b48683a-0e0a-4d42-814e-f74ba9e8c736,7410.0,3705.0,2223.0,2022-06-22
22,034c6a62-f1d4-4cb9-aaf5-ebd51eefdb94,32300,cb96a788-1dbf-4aba-9025-c79790423837,2e804e81-e88e-4fc4-93ce-2f30dd6042ed,3230.0,1615.0,969.0,2022-06-21
23,ab91860d-cfcf-439f-81b9-0b0188e7afcd,37700,c4b62f31-03e4-4785-9e89-73bec416cc66,d92c78b9-bb39-41c8-a973-d76484b8f924,3770.0,1885.0,1131.0,2022-06-20
24,b7d8e1ab-72c9-4cba-9c15-268f66e72c11,20900,51f346fe-e357-4a7e-be32-2b54997bc617,6b4641d5-5b39-4648-9219-e36513879f8a,2090.0,1045.0,627.0,2022-06-20
25,8df1ac1e-2eb9-46f7-85c7-3df1d51c0aa8,20300,61851e76-1ee5-429b-8b15-28cfe59d2f9c,5471fe20-bff4-4b3f-ad49-e94b18d6b97a,2030.0,1015.0,609.0,2022-06-22
26,ecaf867b-1125-4c7b-8dc0-fb65241a0989,48600,b54980f5-d988-4e18-93ec-c39b0e304341,6a35c519-1eb2-41be-8942-0544ab21d2f6,4860.0,2430.0,1458.0,2022-06-20
27,ef991cc9-7990-485b-834e-c8519390bf5c,43800,2b197524-5587-46c0-bdbe-cd4956c4a9b6,869443d1-d597-46f9-a508-c3f62095b073,4380.0,2190.0,1314.0,2022-06-19
28,8e94b3c7-f66e-4041-8e8d-2b5fcd3212a1,63000,47898d87-3a6f-43ee-a649-a49fac46f908,cabce9bc-dc01-4054-9e49-55388a0f6684,6300.0,3150.0,1890.0,2022-06-20
29,53f25246-ad34-4924-b737-cfea7459ba82,49900,3b110b71-fea4-4bb6-88e0-8c3ede9ebdf1,92dfd328-d114-4906-ab13-3d39f8aa7931,4990.0,2495.0,1497.0,2022-06-20
30,c658b32d-30aa-4ba0-96e2-789751fb1d1d,50800,922b455f-ffa1-4963-b048-a27c31ed7531,39a99f4a-aa99-487b-b415-a8504bb7092d,5080.0,2540.0,1524.0,2022-06-22
31,799e8288-85b8-470b-9fd7-ef63c1752620,66800,8ef1852a-e694-4ba4-a453-6f0c2ed87e1d,cdf69b98-f72c-4f95-889a-0a09460fb2ef,6680.0,3340.0,2004.0,2022-06-19
32,1ed9a8fb-b95b-4e34-ad60-697aee9e64cf,66600,0dce43f2-082a-4390-887c-9715de45db41,6bb451b8-8332-48c0-9e18-4084fd8a6fc7,6660.0,3330.0,1998.0,2022-06-20
33,9eb291d9-9fe2-423e-8a65-dce374e6a618,71100,fa8b672e-02c5-4672-b7e9-66e8c61de355,8db11e47-0d9e-4fd6-b7a3-45ed671e08d5,7110.0,3555.0,2133.0,2022-06-21
34,1b7d15c9-2352-4c48-b9f5-7e252f4cf514,23600,c051a2c9-1a34-4597-a387-08f99a4cd921,be4ae530-825e-4ced-978c-e6bfe1efd344,2360.0,1180.0,708.0,2022-06-22
35,857cc1e9-d3b9-4eeb-b52c-befc10a8ffcd,22600,dc0d8857-f65e-4bc3-82f7-6795b71d11e6,0cd438a0-01c3-4e29-bc83-3bf328cceac8,2260.0,1130.0,678.0,2022-06-19
36,35fbc127-fa53-40f0-8f82-84690a844446,30300,92d5b68a-4ddc-4359-817b-ab76365f23a8,401280b3-c65e-4cab-a28f-218776de9630,3030.0,1515.0,909.0,2022-06-19
37,dfb1d9b9-8081-4e02-8b20-7a1ce0c182d6,26200,2a878c64-60e4-43f0-94cb-2dc78932d98d,ae70526b-863a-40f4-9bbd-10a101fe1a11,2620.0,1310.0,786.0,2022-06-19
38,370098ee-a4f4-4d15-abe9-90fb02179a81,74300,58b1fafa-8894-44b5-8c93-894c254e85b7,819848b5-8980-4d56-882f-3e6dd691a22a,7430.0,3715.0,2229.0,2022-06-21
39,6c2a79c7-87fd-48e1-92e6-b3f8cd0916ba,33500,a5945f8e-c4bb-433b-bc74-84602da19338,fda884f8-c07c-487a-90c0-cb3f645fb06e,3350.0,1675.0,1005.0,2022-06-21
40,ef6913fd-19b1-44c0-aa8b-4d8d8656b858,50200,ba6ba7d4-fca8-4662-8099-4a05bae40fb7,9023f3fc-d989-4a4d-9c73-799ef93cc886,5020.0,2510.0,1506.0,2022-06-21
41,d892faca-90f6-47e6-b648-c3ee284b2dce,39700,7cf788e5-6584-4b17-8616-101c754314e7,a41f8a44-c5b4-4a0b-801d-d3d0dc924f0c,3970.0,1985.0,1191.0,2022-06-19
42,385aea32-75e5-419b-89a2-5e4818af4f79,29000,09857bbc-6e0f-4152-b97e-dd1f7c2b4d06,9d35ba33-0a02-4891-8dee-ff5847b2f4e6,2900.0,1450.0,870.0,2022-06-21
43,b5ae2e74-1d06-412c-83ef-dcce16b023fc,28200,0d0c9783-7dc1-4001-a988-afb778901aa0,4c0e1cc3-2a9f-4a26-9e95-5a23b94f5723,2820.0,1410.0,846.0,2022-06-22
44,122bad3c-ed6e-4744-93ed-636acafb0fc5,20000,a28819d8-d545-4d17-8452-79619a0a48aa,8816be29-d95b-4d4e-8038-87d279f7b30f,2000.0,1000.0,600.0,2022-06-20
45,41981f55-4c61-4fff-8434-b4c7b41b9da3,39800,5f9772a9-0284-4d1e-99b2-3e67305b81ab,87a62240-214a-4bd1-a667-4eaa1f629bd0,3980.0,1990.0,1194.0,2022-06-22
46,24f0ce02-3e13-44a4-a354-0bf99ba144f8,65600,e09e47cd-e02e-43f1-b048-2bc4133c034e,68e2fb20-fd4c-4989-8036-77817eb974aa,6560.0,3280.0,1968.0,2022-06-21
47,a0202f39-22ad-409e-8070-d6c2cd654374,74300,1504ea81-116a-471c-8516-662dbdfda397,4e810ef3-96db-4a43-8584-e36a7ac2a03b,7430.0,3715.0,2229.0,2022-06-21
48,a83c1e8d-2ac6-4ad4-ab05-db0646b3b926,70000,10d24dcf-4f1d-46f5-ac26-36ed436f6b82,15c8a7bd-5398-426c-9b8a-df645f2a8243,7000.0,3500.0,2100.0,2022-06-21
49,ba337462-657f-485f-959d-1a68fad67b14,49500,5dd6972f-456b-4842-a3fe-95f437ef0751,c0a91bf4-f1a2-4059-9899-fbd7429bc553,4950.0,2475.0,1485.0,2022-06-20
50,036d176f-c221-4a47-9ca8-8346aa23b3c1,35200,f394446f-6adf-4611-b301-1c8fb1f5d5d6,d44f4d0b-f0dc-4270-907a-81facdb369ce,3520.0,1760.0,1056.0,2022-06-20
51,3730deea-0178-4454-a283-7be771506c66,47300,3018e52b-037a-4b34-83e0-a28bada8314b,2bb0932b-f239-4c2b-9b68-50e32af0f977,4730.0,2365.0,1419.0,2022-06-19
52,8fb91a0c-3109-4243-aa8c-4aaf6ded2dd4,25000,ec1dcf4a-8bf3-4769-b96b-c58833c2b8ba,e28031ef-497b-4cbb-a5e5-42eea682ae3e,2500.0,1250.0,750.0,2022-06-20
53,b1280405-ef1b-4bcd-9d88-9a5a1b12cb32,50000,b16bb212-2f13-4eab-b5e9-1464efc4227a,66d39533-5c9b-4b09-95ed-fc6092a38514,5000.0,2500.0,1500.0,2022-06-19
54,88c5ac7f-950c-4396-bf63-dc87aac0a538,26100,e063ccc6-949c-48b2-9c49-f0e33a531d43,1b7f1291-7993-42c9-b0c4-a9897b9280c0,2610.0,1305.0,783.0,2022-06-22
55,643471ef-0c50-449e-b4e7-a30f83e5a54f,38000,8354ea7e-0c11-42ce-a7b3-2af804b70432,540edd15-7e2c-4938-8d78-21307f92a882,3800.0,1900.0,1140.0,2022-06-19
56,9ae24c74-8b61-4b88-bfc7-c34671230837,36800,f3d1c1ce-a287-46c5-942f-2631c1ba16f9,2e7d1337-0f73-4441-86ba-bb2e48229b2d,3680.0,1840.0,1104.0,2022-06-19
57,35bfd8b9-5e11-4aa2-a3e6-eb832ab79f49,30100,14a35368-380a-4ba5-b3b8-cbf742400dcd,fe0f3b7b-cf6c-40ea-b6b6-b36513f0129a,3010.0,1505.0,903.0,2022-06-19
58,eb49733a-4b0e-4c36-b6c7-348ac9e0a93e,27300,9565205f-8209-4285-a3de-78af273d39fa,a293e95a-72ad-4507-b884-d2d6006183ca,2730.0,1365.0,819.0,2022-06-21
59,7ccc2c39-58ca-462c-a402-caacdddc9a2e,69800,3d3496d8-1fba-4418-be33-452cb8455f9b,948f2692-8977-45e9-aa7c-4c32668e34d9,6980.0,3490.0,2094.0,2022-06-20
60,db506d6b-fa41-4ed4-962c-e1b5922e509d,40800,594de43c-1422-4f57-b8d2-ef5270c1f460,a3e19094-5952-4dd6-9f78-4bb490c6bf75,4080.0,2040.0,1224.0,2022-06-20
61,56f3a16a-653e-432f-bee7-d6aa62dc36c0,35100,ff85d1db-df6c-47ec-83ec-9ca5624f0123,85f57a35-7941-4b45-a828-9c7764cfa4a0,3510.0,1755.0,1053.0,2022-06-19
62,cc8d5376-44dc-49c0-998e-f7c8b62e382f,42700,8ee8e4c6-5a2d-47bd-b42e-5a8812c9e712,4dc7fafe-a9f9-47f2-8d8d-5a130de2a130,4270.0,2135.0,1281.0,2022-06-19
63,10f09139-da37-499d-9a69-a56095cafcbb,25700,a11d9d1a-96ac-4332-9bbb-69b50b3d1052,bd7d4aa3-2918-4bb8-8fae-750290645b81,2570.0,1285.0,771.0,2022-06-20
64,ddecd082-c23b-49a8-9db6-9ba192cd189d,41300,84f9a8d7-575a-4a7a-a690-0c3dd9ea46c0,f737fe67-b1c9-417d-8177-dc0254685112,4130.0,2065.0,1239.0,2022-06-22
65,7cc0fa54-c75c-42c0-8bd5-d9b0ebed35aa,52400,5811639c-4b75-49d0-bdab-abb56ec86233,7fefd0a0-9259-41bf-b944-3f289b0a01d1,5240.0,2620.0,1572.0,2022-06-21
66,2bfb2286-d95a-46e2-9422-132691a4dc44,45100,01d257fd-799e-4861-aa6b-fde932224541,b0929ffb-ef21-46e0-a677-876863fa13b0,4510.0,2255.0,1353.0,2022-06-21
67,deb943a8-7c01-4cc1-975b-2fcddce93150,72600,bcbf3e03-822d-411b-a5ac-053a5cca6bb6,3b024498-c48b-4d70-8f6d-941e597c2451,7260.0,3630.0,2178.0,2022-06-19
68,0a5e6ec0-e34a-4a95-8136-04f9d38e8376,59200,ca691729-c91d-4558-9dfe-919ab4f16bd9,466fff33-42af-4ecc-a8fb-0ecb254c1141,5920.0,2960.0,1776.0,2022-06-22
69,e8a48eb4-73d6-46ab-8427-e433861d0d0d,41400,5cd3a17b-172f-4260-abd8-d4172a2a5674,7e052080-019e-4eb0-bff5-7ce3cae3d578,4140.0,2070.0,1242.0,2022-06-22
70,f13e9254-940f-44a0-ab27-6f8bdb43e2a2,37000,47898d87-3a6f-43ee-a649-a49fac46f908,ec525eca-3542-407b-9ecd-1dfba47b0975,3700.0,1850.0,1110.0,2022-06-19
71,b036a661-2599-42f6-bbb2-9cd6e65c6a6e,36600,f989cf61-f172-4236-a94d-e548e4a32eff,8c2ba41e-e349-4573-b171-ce560f5cf1fb,3660.0,1830.0,1098.0,2022-06-22
72,1164a562-6cfd-4d69-a590-a95b2fffbfac,40500,f27e33dc-05a7-41b7-a3e4-9ebb54bc335e,7b32f3fd-4513-4a97-8e2b-329948062bd0,4050.0,2025.0,1215.0,2022-06-21
73,b6d8736e-3646-4cfb-ad93-a3a060311ff6,47500,1a7ffac0-b445-483b-b811-d011b1375dda,8c884044-d185-45e3-bcf5-f2a7a7e8c242,4750.0,2375.0,1425.0,2022-06-20
74,fb9475cc-2d8a-44a1-bd9b-8832c53c81a0,65300,7a6548c1-5adb-49bc-b07e-f2f7a529e36d,a3d9a931-f64a-4b99-831d-cec3275da1b9,6530.0,3265.0,1959.0,2022-06-21
75,b2fe1782-7b2c-4dc5-8fb9-7e310fc7aac7,47200,d308b5ea-b7c0-4c8d-b94b-45374f07109b,5c580dcd-dd75-4d2e-b6ea-d60ef10dd33e,4720.0,2360.0,1416.0,2022-06-20
76,b16985f4-e9f6-4691-a89f-2829759e6387,68500,14cb5820-ad61-4cd2-9c50-a878faf1c9e8,84605978-e402-4b1d-8c6d-dd2a1317726d,6850.0,3425.0,2055.0,2022-06-20
77,20d2d846-a269-4ef0-9ff4-cd634d2c7bf3,68500,309625d5-7dd0-4a5e-a029-c6325eab311e,48bd3a06-1386-410b-b1e5-fa9dfd7053b8,6850.0,3425.0,2055.0,2022-06-19
78,910a7136-dc48-473c-b816-40bdccf44549,31400,85dc1e71-3d4f-4306-a2b8-b6cd2cbfd0eb,a88738e6-7193-4aed-833e-795e33738b9e,3140.0,1570.0,942.0,2022-06-20
79,d5e6e9b8-8b8c-4c9b-8ec8-fed9c12e82f8,55600,05bf7cbe-812d-4ff1-b9ba-7e6c5aae41e4,9fbe36a3-35f0-426a-9a34-1f0a97a96162,5560.0,2780.0,1668.0,2022-06-19
80,9b77efd3-3404-4649-97e7-c4dc8f339dca,30000,bc3d992a-ea97-4327-803b-3c60529c2986,003ebf9d-69ad-409f-9113-ce5b77f415a4,3000.0,1500.0,900.0,2022-06-21
81,c2fabb75-5baa-4e76-8c72-c0af7a5e80d0,28000,6e6665e7-f01a-4158-a4e4-549e1b1464f9,57d64a78-46ae-4e06-b972-848f76e56c61,2800.0,1400.0,840.0,2022-06-19
82,dae8c3bd-09bf-4e16-a7da-4b70366d13df,36000,c4c2cf6f-4d3a-478f-9469-4fffe2877819,8659a6a3-8d87-4832-9433-57ea3763fadc,3600.0,1800.0,1080.0,2022-06-22
83,d84cfe70-eeee-4759-aede-88f6b9a3821f,53800,72f72b77-58b3-4f16-b513-128fdefaba40,6f91d85b-6447-4956-967b-9335444f3180,5380.0,2690.0,1614.0,2022-06-22
84,e9e1b24d-2d71-4148-8b32-0638294194b8,54900,4aadb738-a450-416b-b08f-a243f628e91d,1cacd78b-750b-4fdc-bff0-e1738b56cd3c,5490.0,2745.0,1647.0,2022-06-20
85,dc483ea8-4c14-4ff7-b306-c67c45a09a3e,41000,8fb71217-4305-4591-9686-684eec125a21,843c8eb4-0ee5-4dc4-836b-e6b1968d9061,4100.0,2050.0,1230.0,2022-06-21
86,56673e80-1b10-43be-a9a1-a1bee1c83907,73900,6c65c373-eb3f-4a05-b8a6-86873c9df48f,683adfc0-9348-4da8-bb21-b2f0d4c7fef7,7390.0,3695.0,2217.0,2022-06-20
87,c7292b19-cac4-4473-89bf-48bda2374fc2,68800,ec1dcf4a-8bf3-4769-b96b-c58833c2b8ba,551c7c75-ca35-4988-9856-3d7e657b61f3,6880.0,3440.0,2064.0,2022-06-22
88,433c3078-7b1a-40b2-856d-aef0da6b49ea,24400,f05c7eac-4c98-41ad-a40f-9ee2e9b45814,0fbc4f5a-5065-414a-a08c-9a3356eb3fbb,2440.0,1220.0,732.0,2022-06-20
89,3fa706ad-127e-4567-97cd-0aa52e75ca86,44300,fdddf67b-ca05-4ad5-86c9-ac24d478d378,acf9af61-1213-44fd-9a15-b38c6e97adb7,4430.0,2215.0,1329.0,2022-06-22
90,c1e67c50-f451-4516-91a8-9d2a66193433,22500,5083ee3c-3190-4a97-83aa-dab9a0a9ce03,dd4f54cd-f9ec-455a-89c0-00bb0f0456dd,2250.0,1125.0,675.0,2022-06-19
91,48c4cc81-f2b3-4f67-aef6-91d9a85c44fa,30700,712d14d2-9e95-45c5-8a3a-62d150865b51,f5e23a8e-77f7-4134-ae3c-89218e4fe4e3,3070.0,1535.0,921.0,2022-06-19
92,988f20d4-0c37-45ce-a8e0-dc03809eb76c,23200,8f37b94f-5a94-42f8-8ffd-b6278cc3039e,943ad81d-698f-48aa-9611-ecb2ee493c9a,2320.0,1160.0,696.0,2022-06-21
93,910a9642-2aa3-415c-ba67-b3000efaa56a,36500,d014f6fa-a96d-4cec-92be-4898ec190e43,a12d1dfe-5155-452d-a0d6-4da1839e72eb,3650.0,1825.0,1095.0,2022-06-22
94,3c94164d-accc-4e02-aa35-16baff9c1429,61900,3567b253-c451-44fd-a586-8ff137dfdc96,986eaa92-839c-4746-b8f9-f64522887f92,6190.0,3095.0,1857.0,2022-06-19
95,39034570-fa03-4664-9c01-b6982884efe6,27700,44a29f61-b0cf-4a92-b8da-40d32d3bf803,047a7e8b-e99a-4aa6-a945-bbac1825fbce,2770.0,1385.0,831.0,2022-06-21
96,7f1170ff-df7b-4c84-9257-0b4e311c28f2,54200,446dd166-dc32-4268-89a3-411017292203,b291126a-5dc9-4d0d-b469-096aa07ffde8,5420.0,2710.0,1626.0,2022-06-20
97,d84b1da3-2d7b-483c-8eb8-d78f9b4353c4,25100,2e6a4b05-790f-434f-84ab-073edb13f9eb,13da9e34-4752-40b2-8e6d-b03e4b9e5128,2510.0,1255.0,753.0,2022-06-22
98,952e86c6-eaee-44df-a7db-cf027d19fe1f,62500,1cabb3e6-c9bf-429e-b65b-3366fb531507,74a6b8be-ccb5-44c4-bb20-dee0c6771f50,6250.0,3125.0,1875.0,2022-06-20
99,c34f8bae-65ae-4191-8165-933539652e78,38100,3347e0ab-8166-454f-9fb1-375ac9c2624e,f57b44b0-4758-4a74-bee1-ff345d8192ff,3810.0,1905.0,1143.0,2022-06-19
100,b9f2e0cd-b660-44bc-8a1f-54507075bb3b,74900,4aadb738-a450-416b-b08f-a243f628e91d,0e8926ad-89b2-4a97-a26a-1403e1095690,7490.0,3745.0,2247.0,2022-06-20
101,f1a4ee7c-9862-4450-afdd-dce5e225023d,36200,b16bb212-2f13-4eab-b5e9-1464efc4227a,2a7f7fb3-997e-4fc4-8372-7e9019496d5d,3620.0,1810.0,1086.0,2022-06-19
102,8a114c08-29d1-46a4-b62e-f175663d97ad,53200,062ad076-3ae1-4333-8f81-4222f8518826,4200abdd-27c8-44cc-93d6-a28354a1af77,5320.0,2660.0,1596.0,2022-06-19
103,00732dde-7d01-40bb-8939-726890f9787a,31700,5083ee3c-3190-4a97-83aa-dab9a0a9ce03,4541e760-4743-4d8b-92c3-03c3b286e585,3170.0,1585.0,951.0,2022-06-21
104,4003df85-7e5e-4c12-a8db-25d01633b7c6,40500,00ca283a-d606-482b-9b47-16824428fd64,66dd1e1e-5232-41bf-bdf7-4178116f88f1,4050.0,2025.0,1215.0,2022-06-21
105,33906ec0-2e1a-4a60-9df9-61a40f56d025,43100,870c7bf7-0d3f-4df3-a875-d8d130ea583d,d38fe895-2354-4c43-8ec2-97a0dd48d7ef,4310.0,2155.0,1293.0,2022-06-20
106,5650d46c-9bda-49b5-9412-42b815ab66fe,40900,198db1a1-7706-415e-ac59-5e47873a6c34,f051c79e-5236-4727-b3e1-77ec5fd582a9,4090.0,2045.0,1227.0,2022-06-19
107,50ce2c2a-b412-416b-a92b-6d56f00d0ed2,20400,74619808-c4ab-4936-8c23-c0452ea2f33b,186f7a52-8754-44cf-b3d9-b91e183217c6,2040.0,1020.0,612.0,2022-06-21
108,01383d04-4a27-4e97-9cb1-bf14ee38f92e,32000,446dd166-dc32-4268-89a3-411017292203,4b86084f-e173-49e2-b2b9-9c90c59663ac,3200.0,1600.0,960.0,2022-06-21
109,f5f62286-3f4b-451f-9384-d5ea0acd5cdf,40700,0aeac702-f2fd-47c0-9448-425fa139941d,5f1c5108-bf9f-4945-be20-da4b632684ee,4070.0,2035.0,1221.0,2022-06-21
110,ae2ab740-b35e-4dd3-b9db-d32cdae492c4,57500,4a78b442-6cfc-48a0-bb34-d0cfdd116ad8,c202a26c-796f-4670-97d1-e189c6102b62,5750.0,2875.0,1725.0,2022-06-21
111,1fad049d-56a4-45c9-92cd-dc42c91e2fc4,55000,0238a3ab-2b2d-42c2-865d-d79e9a49c3c8,f747dfec-8003-43bb-8924-eff55e4ea61b,5500.0,2750.0,1650.0,2022-06-22
112,1a708224-5c17-49fd-99a2-364f75881ff2,25400,9bb95b26-2e62-412f-98dd-c598b7975c1b,f3b44424-efbb-4bb7-8b23-3b21266e2c12,2540.0,1270.0,762.0,2022-06-22
113,0f7d7855-56f6-45ea-a25b-be0181c498ec,66100,4023d8e6-fbe7-4adb-9249-a42bf306141b,217ad724-058d-456c-81eb-a3f131a85450,6610.0,3305.0,1983.0,2022-06-19
114,901a9fd6-54d2-41da-960b-e5e0d597de88,74600,961669b1-5e17-447d-8c70-bf055f3e90b3,77725423-730e-4ff9-8ca9-5ab008ce7eb8,7460.0,3730.0,2238.0,2022-06-22
115,513148a2-217b-413d-9f4d-94bf489b3349,63800,62179877-ca8a-4538-a8bd-1cf799a99401,28d8e14f-e9f8-4e18-b87a-a2eb78f3d72e,6380.0,3190.0,1914.0,2022-06-21
116,34a765c8-6c75-45e9-a110-2cef448d253d,43200,51f346fe-e357-4a7e-be32-2b54997bc617,27b41ab0-4c1b-4c3c-9f73-84762d6d7d6f,4320.0,2160.0,1296.0,2022-06-19
117,d8428159-6c12-4a42-a379-f0cecb9eb304,61300,01742f37-7f0b-4ef6-819d-8ea79d715ecd,a744251f-16c0-40a9-94a1-46bc6dd8b0be,6130.0,3065.0,1839.0,2022-06-19
118,ab0b5b4d-4ecd-4c35-8014-53e117f25e60,28700,61851e76-1ee5-429b-8b15-28cfe59d2f9c,bf10b457-e129-497d-b314-be1b2f0ae3b1,2870.0,1435.0,861.0,2022-06-22
119,4d3d4751-bb79-420d-a49b-b638a9f0adbc,25800,b643400c-23a8-4030-badb-7099e72e73bf,d9915020-0c08-4b45-a443-5a8962cb576e,2580.0,1290.0,774.0,2022-06-19
120,72fd6fe8-4403-4831-b992-ba23f408ca0a,38700,c011e5da-d5ff-404e-a061-3ad31329f7f6,49bb6674-9afa-4ca7-855c-c920d7098696,3870.0,1935.0,1161.0,2022-06-20
121,d112a6de-69d7-4548-ba53-6d38947667f7,45400,d14b538b-6796-48ac-9b77-80d5322a7b53,211cc06b-5258-4e3b-8f0c-c6a2fd438ecc,4540.0,2270.0,1362.0,2022-06-21
122,7f59d208-1cb0-4b2e-8131-5a73ec3d2782,63000,af577adc-dfc8-4de9-815a-a4ff4e0dfd8e,9f4977d9-8c7a-4091-a6d9-265bce910fc0,6300.0,3150.0,1890.0,2022-06-21
123,28a70935-de61-4b99-89b4-360c02b6505b,29200,1d6d66b8-2f02-4829-a3a7-ae171f9b8afd,31c7b729-091e-4e8a-85fb-6a2720f1daeb,2920.0,1460.0,876.0,2022-06-20
124,f76edf21-80b3-4556-a7a4-89d9e8caf9b5,62200,69732e81-de08-4f3b-be57-00419857fc98,b5663101-d37c-4ddb-825b-d7027cc3534a,6220.0,3110.0,1866.0,2022-06-21
125,81ee7b19-a7cd-42ef-962d-5736b5e9d4ad,50500,2f278e65-84e6-4983-bdc5-348deb0cd320,070a4c8d-a2de-4973-ae46-2e8d1e69e40a,5050.0,2525.0,1515.0,2022-06-22
126,8962d3de-8443-4653-8556-19a59950e25a,41200,cef784ee-0d1c-4842-9fa3-28bf0fbb8f02,294b66ec-470a-4072-86b6-62ec5ff62916,4120.0,2060.0,1236.0,2022-06-19
127,7bdbd33e-a213-4424-9f51-25459ac8b58c,52700,61851e76-1ee5-429b-8b15-28cfe59d2f9c,6d91f85f-7f31-4697-abbb-d9f5ccc7b1e0,5270.0,2635.0,1581.0,2022-06-21
128,9f16df48-8da7-4811-8fd2-bf55da18c4fb,34800,f3d1c1ce-a287-46c5-942f-2631c1ba16f9,d2af9244-5ad9-4f2b-92fe-912f46d1bd08,3480.0,1740.0,1044.0,2022-06-22
129,d6c25d5f-a166-4ca3-9a56-1a62997e3f73,30300,eae3d896-698e-4185-81bb-a54f03754eb7,8b6a6ce0-0741-434d-9cef-8f47a784b59b,3030.0,1515.0,909.0,2022-06-21
130,1b1128cb-182e-4b21-a6b7-d2164937f432,30300,3e06a1a4-a8fe-4fed-8adb-7b853fcea3fe,643611e9-3de0-4d6d-be8b-3188b52b9284,3030.0,1515.0,909.0,2022-06-19
131,852fab51-7411-4572-843d-6b1598f3d076,73800,a987ac6f-9b2a-49d1-b6e2-81d675ccd1e6,3be4f5ec-ac4a-4897-9ac3-70e11a9fecd6,7380.0,3690.0,2214.0,2022-06-22
132,47723824-dca0-489d-b71b-a7ee3d7e72cc,37200,1a7ffac0-b445-483b-b811-d011b1375dda,bda68bcb-5da6-476c-ac58-ff7f3ef76b36,3720.0,1860.0,1116.0,2022-06-22
133,e27101fb-0c85-4162-b2de-19332977bffc,46700,3d3496d8-1fba-4418-be33-452cb8455f9b,e7e8df66-0329-414f-9722-abb01af190ee,4670.0,2335.0,1401.0,2022-06-22
134,3962ed77-5367-4298-8538-044b7ae2ece9,37400,c53227ba-8159-4343-8d89-66ac7cff50b6,5c15a836-a33d-40f6-bd97-8526ab5df7d5,3740.0,1870.0,1122.0,2022-06-21
135,ca64fdff-b6db-4ac2-810c-05aea359ff43,71700,8dc8cd38-97e8-4e7b-820a-e76ad77a096c,7185e44a-8845-4b9c-b9df-a18662de256b,7170.0,3585.0,2151.0,2022-06-20
136,4e47e2f5-9815-4ac7-9a14-4928c46e46e0,70900,dc0d8857-f65e-4bc3-82f7-6795b71d11e6,7c0ebe6d-5970-4331-ba39-084a02222b72,7090.0,3545.0,2127.0,2022-06-19
137,4211ab9d-0f13-4172-aa49-32b1d931d9a4,62400,3567b253-c451-44fd-a586-8ff137dfdc96,e5915fb9-4be1-4167-8bb2-e8571e50d258,6240.0,3120.0,1872.0,2022-06-19
138,f5bd9c5e-2f1e-43c8-9b47-7a44eeecd56d,38300,3567b253-c451-44fd-a586-8ff137dfdc96,525674b2-f540-4f59-9479-3e7a43077526,3830.0,1915.0,1149.0,2022-06-19
139,b4544819-367a-4cc8-bea6-ee129a1a5983,39900,ba582738-03aa-4023-a745-6c88ee50f249,5e4d53ad-a404-4770-92cb-e64c38ffbb06,3990.0,1995.0,1197.0,2022-06-20
140,1f98349f-2018-470c-82cf-998e74b18ce2,68800,35acf701-7a47-4132-9fff-7a8c8ba2750c,09b04741-f9e7-44c4-8a33-6188b571d166,6880.0,3440.0,2064.0,2022-06-21
141,e9412868-e809-49cc-884e-f515dbb6d0e7,60400,1cabb3e6-c9bf-429e-b65b-3366fb531507,fe34485a-a90e-434b-ad0c-ae462e5a6fff,6040.0,3020.0,1812.0,2022-06-21
142,3c104eeb-eaf2-4573-8715-c4e6eb2efa83,23100,b16bb212-2f13-4eab-b5e9-1464efc4227a,6ddde089-52fc-4141-92e7-e52a38ffd545,2310.0,1155.0,693.0,2022-06-22
143,7a6ed202-3ba7-4805-81a5-afdffa07d28d,25100,9db81ada-88c4-496e-a4b3-f117742ee0e1,7988a170-b5bd-4cd4-8375-fe01461779a1,2510.0,1255.0,753.0,2022-06-19
144,e8cdbf8f-75f7-4c81-b28b-4af6a32d7ae4,25500,e063ccc6-949c-48b2-9c49-f0e33a531d43,3e2c0b46-f599-492d-b846-abe21fa09a5a,2550.0,1275.0,765.0,2022-06-19
145,bba7d122-a9c1-466d-9429-999c0c107990,31100,0238a3ab-2b2d-42c2-865d-d79e9a49c3c8,3b93dd5b-c65d-4c79-94b0-1aac612a555c,3110.0,1555.0,933.0,2022-06-19
146,0f5b00fc-9359-4d14-801f-83c000d6db35,50400,10d2c589-f72b-4f29-9d0e-c3451550f960,b4df78ce-4fd9-48f0-816f-0547fce3e71d,5040.0,2520.0,1512.0,2022-06-21
147,268331cf-3dcc-42a1-93e3-84d948a2f895,44300,47898d87-3a6f-43ee-a649-a49fac46f908,d5d64846-a318-4b3a-8093-02dfab046157,4430.0,2215.0,1329.0,2022-06-19
148,1bc937fa-4b34-4579-9c7b-2727a0ad90cd,66700,0eb327c3-00dd-49fb-9882-345213a14140,d6b44d4f-b22e-4440-b401-42ca348d761b,6670.0,3335.0,2001.0,2022-06-20
149,c153df12-f323-4c1c-8ebd-f82aa8b1df5b,48200,ec14fc54-d5de-44cd-9d03-a13cab20a945,f1085501-0c72-4d89-ab4a-571f2e83d4ee,4820.0,2410.0,1446.0,2022-06-21
150,46f3da51-a3e9-4c85-a88c-e06d9acd1016,40700,6b6456e6-2878-4253-be04-45400682b63a,a7bb1700-c017-4f85-93b6-54485abdba4f,4070.0,2035.0,1221.0,2022-06-22
151,6111275c-6b5a-4df3-9ab5-58cc22d97da5,35400,805eb889-3da6-4969-96d6-86cd43a35b5e,0359d067-24d9-425a-a9f6-719f3ded4eaa,3540.0,1770.0,1062.0,2022-06-19
152,96dae30d-d1e1-4469-8afb-3b4b00d56e71,55900,38d04fea-72ea-42d9-b859-26143c55698f,d13f8ce5-778c-411e-8d90-3c2e206b4340,5590.0,2795.0,1677.0,2022-06-22
153,67ce90da-34be-48c4-970a-b9b06562a4c7,37800,683fc2a7-625e-4c87-a5db-b9841a989fff,ec945cb3-d4ff-4e78-8054-8f4211787fe2,3780.0,1890.0,1134.0,2022-06-19
154,a7311230-ee19-41be-8377-89c4d89c40ac,68000,a6eeb511-6381-4938-9fe3-c56afa712f20,e90160cb-5c71-42d2-a439-01daa702f745,6800.0,3400.0,2040.0,2022-06-21
155,f6fae81b-6715-4c74-9388-30ea5cafb4a1,67900,3567b253-c451-44fd-a586-8ff137dfdc96,a774597b-91da-4e0a-8d05-1e37b0fabaa6,6790.0,3395.0,2037.0,2022-06-20
156,8a187b3b-deca-4b9c-93cc-7c888abe6c07,74300,54575f69-9c5a-45c7-9b67-9d2522cd9c01,ccf6093a-1252-4c98-aecb-2717fdde33c3,7430.0,3715.0,2229.0,2022-06-19
157,0c85f740-9186-4297-b213-c2c2ed4bc72a,48800,14a35368-380a-4ba5-b3b8-cbf742400dcd,edbde7dc-b11e-4079-b84e-f09c5855c1d4,4880.0,2440.0,1464.0,2022-06-22
158,f588cfe8-221a-4863-83d3-338d146d3195,52500,7a6548c1-5adb-49bc-b07e-f2f7a529e36d,99a60638-867f-49ed-b156-5102d13c0557,5250.0,2625.0,1575.0,2022-06-22
159,bcfe3556-d64d-437c-9a42-1b289f5b0f41,60200,0dce43f2-082a-4390-887c-9715de45db41,58f40df8-3899-4bda-adfa-72ac0b338063,6020.0,3010.0,1806.0,2022-06-20
160,e36b2c04-6743-4e79-894c-9eae2da6ce6a,66200,6c691bd6-c58f-4bcf-8ed6-bc56957b6c72,cd1b6a26-0aa6-456b-b97d-9c6475f3cb5b,6620.0,3310.0,1986.0,2022-06-20
161,035bc755-36fa-4e46-b994-e6258495fc4c,36000,2b197524-5587-46c0-bdbe-cd4956c4a9b6,d1ba44d7-9a94-4863-a403-7cd24e830590,3600.0,1800.0,1080.0,2022-06-19
162,1756d4e1-4f45-4df3-b422-93a1d1d9aceb,71600,d9ecdbfc-8a16-43f4-b072-85f72a694273,8a4def50-f86f-4384-b495-9597fe35d363,7160.0,3580.0,2148.0,2022-06-21
163,c8124ce2-8073-41d7-90b8-98b5a2756a96,34700,b9ba077a-d4de-4274-9a13-c63783e60e5a,6e55eb6a-b5ae-40fe-a3e0-4ba33050480e,3470.0,1735.0,1041.0,2022-06-22
164,1c410fc2-43e7-4cbc-b3a5-3a36317f0f14,45900,1cabb3e6-c9bf-429e-b65b-3366fb531507,2dee178b-907a-4e1a-a635-e14219f2256d,4590.0,2295.0,1377.0,2022-06-19
165,1e414bab-f085-4106-bee9-f8b17dfdfe53,20700,81a4f724-ed7a-435a-9043-d4c41410a009,8a44f0fc-872b-45ab-b2f3-36667125c373,2070.0,1035.0,621.0,2022-06-20
166,d734eb26-cb82-4c42-a225-1d826521d2ef,27000,3e06a1a4-a8fe-4fed-8adb-7b853fcea3fe,b286fd7d-35a6-4cc4-ac5c-3ccf071977af,2700.0,1350.0,810.0,2022-06-21
167,147c9515-0e70-4e1e-b009-cbd7ea8035e9,54500,922b455f-ffa1-4963-b048-a27c31ed7531,a486940c-eca2-485b-a173-d89bbd3dd673,5450.0,2725.0,1635.0,2022-06-21
168,f08934aa-2334-4d60-83ea-55950bf749fc,54200,6c39ec2c-6795-4164-b0ed-ed95b99fa83b,082c58e7-4e96-4c5b-83b4-f78d629c9b41,5420.0,2710.0,1626.0,2022-06-20
169,66151bfc-83a9-4c8b-adde-4beeb8eb456d,21400,1d6d66b8-2f02-4829-a3a7-ae171f9b8afd,e898e013-fe52-4a04-a92d-4019cdbf5a48,2140.0,1070.0,642.0,2022-06-19
170,96c1cc20-95a4-468c-89fa-2c7ab1ba4606,66500,3d3496d8-1fba-4418-be33-452cb8455f9b,335bda9a-2b0a-4ada-bb18-b4b8ffa12e64,6650.0,3325.0,1995.0,2022-06-20
171,ee52696c-0ec0-4920-938f-3d279aae41b4,22600,4aadb738-a450-416b-b08f-a243f628e91d,3f9298a6-a7d1-4f3e-8b83-c2596154869d,2260.0,1130.0,678.0,2022-06-20
172,9d5f191a-a826-4eb8-921c-5020187d737b,57500,9ec5252e-f148-4731-af6a-a774be03bd72,11e7fc1e-4703-49ce-acba-ba6aae36c99b,5750.0,2875.0,1725.0,2022-06-22
173,7f467880-c945-4561-8dc7-4b01e3ef1ff5,29900,bbf7c638-8aef-4325-82da-d2bdd4693d1d,b7ce98bc-c981-4b56-84cc-98c5ba8787c8,2990.0,1495.0,897.0,2022-06-22
174,13d973bc-1845-41fb-bbed-fd8858083c98,54300,01d257fd-799e-4861-aa6b-fde932224541,187694d6-fba5-475f-b17d-8c8cea0f889e,5430.0,2715.0,1629.0,2022-06-20
175,d1bf9a1c-b20d-4253-8c3f-5c40cac25cc5,70300,99d315dc-747a-413a-b770-f633cc40479f,fdc9caa7-b667-4ee8-9424-8b765a443582,7030.0,3515.0,2109.0,2022-06-22
176,a77528e9-15d9-43b0-b78c-accbe5541d84,69100,8ee8e4c6-5a2d-47bd-b42e-5a8812c9e712,6af54615-08d5-4638-b0d7-a735992757af,6910.0,3455.0,2073.0,2022-06-20
177,666675ef-e945-491c-a510-fb586417789d,39400,d308b5ea-b7c0-4c8d-b94b-45374f07109b,c426650e-038e-480b-83ba-51409733b703,3940.0,1970.0,1182.0,2022-06-21
178,37e34867-8bde-435e-8872-1e4cffc81f16,73100,6c39ec2c-6795-4164-b0ed-ed95b99fa83b,58be2058-d468-4325-8060-7dc222614441,7310.0,3655.0,2193.0,2022-06-22
179,b6d43c38-e9f7-48d2-aa70-14ec6056bc86,42700,3dcc6a1b-0d03-4937-987b-2cd88f126315,194f6094-3e2a-46cb-b1e2-e7b3ac3e553e,4270.0,2135.0,1281.0,2022-06-19
180,8ea35947-f469-45ce-89a5-302e65ec9abe,40100,8ef1852a-e694-4ba4-a453-6f0c2ed87e1d,d4bf307f-963a-43c6-96ea-b1551e0ce507,4010.0,2005.0,1203.0,2022-06-19
181,0357b2b0-6f07-4f89-a37f-d32a194f5c9a,23200,4a78b442-6cfc-48a0-bb34-d0cfdd116ad8,9ac331ad-5407-424b-b52b-ab0c860f32b8,2320.0,1160.0,696.0,2022-06-22
182,b16eddf1-61c0-4c22-b3b5-8bd5cc1df14c,54000,14a35368-380a-4ba5-b3b8-cbf742400dcd,9d3a8f30-6caf-41f1-a3d1-b17c06198d94,5400.0,2700.0,1620.0,2022-06-21
183,8b38151d-c3a2-48e2-88a5-56e3dff955e0,30300,30689cf7-542c-4893-822e-96373514e2e7,9b81faa0-89d0-4c7d-9015-7a6eee12e117,3030.0,1515.0,909.0,2022-06-22
184,ae8b90dc-b08e-4d1a-b88d-2769d2b8080e,22800,f05c7eac-4c98-41ad-a40f-9ee2e9b45814,8b17ca54-950a-4a51-a64b-cd27739aa8ae,2280.0,1140.0,684.0,2022-06-21
185,7daf8131-7673-4c7f-811b-b11e8228e265,37700,fa6520be-8c96-4fc1-ad64-3bea515ee977,d7c47566-b14f-4ee5-addd-ceb8184c0939,3770.0,1885.0,1131.0,2022-06-22
186,6c05def7-fe8a-405a-b68f-cfd6c61bfda4,51100,9db81ada-88c4-496e-a4b3-f117742ee0e1,d1959103-f74f-4a25-9dbf-88936032e397,5110.0,2555.0,1533.0,2022-06-20
187,b463213a-8074-4124-a51c-c5b088d62ddb,39900,64c02483-d63f-43be-bf6d-84bdb3c12ad5,10a12cc3-c252-4e87-aad4-8b28787d7cc9,3990.0,1995.0,1197.0,2022-06-21
188,cc5c2b63-d752-4dff-9706-1396fab97c5c,71000,07b21e6a-ee26-42b1-bfa9-25a5a5985921,3a2cfd3c-49b1-4a85-905c-caed6f1d20bb,7100.0,3550.0,2130.0,2022-06-21
189,5c102a90-3c01-4a00-b6e5-511d4199d1fc,73600,9565205f-8209-4285-a3de-78af273d39fa,da600672-e248-4d27-9441-1f90324d155b,7360.0,3680.0,2208.0,2022-06-21
190,0417ca8d-63a7-4011-9b3f-e7018d33cdab,58200,6b6456e6-2878-4253-be04-45400682b63a,debce0f5-cd0b-4d7b-876e-235f7cbedb75,5820.0,2910.0,1746.0,2022-06-19
191,e1c69289-6540-4f6e-81f5-002fc957f05c,43100,b643400c-23a8-4030-badb-7099e72e73bf,5c97a0b3-11c6-4cd5-8139-d13f5380277d,4310.0,2155.0,1293.0,2022-06-22
192,a9f013d5-b0b2-4ecc-9b51-888021871526,44600,17e0da61-1c45-4f56-ab61-73472c01bb15,362fb348-47c2-4873-af33-c22ee08b89c8,4460.0,2230.0,1338.0,2022-06-19
